{"count":1,"self":86.7140928,"total":87.1885289,"children":{"InitializeSensors":{"count":1,"self":0.0010008999999999999,"total":0.0010008999999999999,"children":null},"AgentSendState":{"count":4125,"self":0.0620598,"total":0.1131104,"children":{"CollectObservations":{"count":517,"self":0.0240248,"total":0.0240248,"children":null},"CollectDiscreteActionMasks":{"count":517,"self":0.012012499999999999,"total":0.012012499999999999,"children":null},"RequestDecision":{"count":517,"self":0.015013299999999999,"total":0.015013299999999999,"children":null}}},"DecideAction":{"count":4125,"self":0.328295,"total":0.328295,"children":null},"AgentAct":{"count":4125,"self":0.031031999999999997,"total":0.031031999999999997,"children":null}},"gauges":{"HighwayAI.CumulativeReward":{"count":1,"max":23.8973579,"min":23.8973579,"runningAverage":23.8973579,"value":23.8973579,"weightedAverage":23.8973579}},"metadata":{"timer_format_version":"0.1.0","start_time_seconds":"1600699626","unity_version":"2019.3.5f1","command_line_arguments":"D:\\Program Files\\Unity\\2019.3.5f1\\Editor\\Unity.exe -projectpath D:\/GitHub\/DRL-highway -useHub -hubIPC -cloudEnvironment production -hubSessionId 98d268f0-fbda-11ea-88b3-815019e76e3d -accessToken 2RR5foTQdIWqxlKVqSWPQGDcgPcTfQ3AcxQYOlUEW9Q008f","communication_protocol_version":"1.0.0","com.unity.ml-agents_version":"1.2.0-preview","scene_name":"Highway_Sunset","end_time_seconds":"1600699714"}}