{"count":1,"gauges":{},"self":51.499737599999996,"total":51.6578757,"children":{"AgentSendState":{"count":2575,"self":0.0720638,"total":0.097088899999999992,"children":{"CollectObservations":{"count":2093,"self":0.013012899999999999,"total":0.013012899999999999,"children":null},"CollectDiscreteActionMasks":{"count":2093,"self":0.012012199999999999,"total":0.012012199999999999,"children":null}}},"DecideAction":{"count":2575,"self":0.009007,"total":0.009007,"children":null},"AgentAct":{"count":2575,"self":0.0510425,"total":0.0510425,"children":null}}}