{"count":1,"gauges":{},"self":73.0276224,"total":73.299307599999992,"children":{"AgentSendState":{"count":3655,"self":0.11610169999999999,"total":0.1546686,"children":{"CollectObservations":{"count":3655,"self":0.0245447,"total":0.0245447,"children":null},"CollectDiscreteActionMasks":{"count":3655,"self":0.014022199999999999,"total":0.014022199999999999,"children":null}}},"DecideAction":{"count":3655,"self":0.0190177,"total":0.0190177,"children":null},"AgentAct":{"count":3655,"self":0.096998,"total":0.096998,"children":null}}}