{"count":1,"self":299.5925504,"total":300.81958249999997,"children":{"InitializeSensors":{"count":1,"self":0.0010016,"total":0.0010016,"children":null},"AgentSendState":{"count":7135,"self":0.17114359999999998,"total":0.3192811,"children":{"CollectObservations":{"count":1003,"self":0.0790719,"total":0.0790719,"children":null},"CollectDiscreteActionMasks":{"count":1003,"self":0.041037699999999996,"total":0.041037699999999996,"children":null},"RequestDecision":{"count":1003,"self":0.028027899999999998,"total":0.028027899999999998,"children":null}}},"DecideAction":{"count":7135,"self":0.86070439999999993,"total":0.86070439999999993,"children":null},"AgentAct":{"count":7135,"self":0.0460393,"total":0.0460393,"children":null}},"gauges":{"HighwayAI.CumulativeReward":{"count":1,"max":67.91259,"min":67.91259,"runningAverage":67.91259,"value":67.91259,"weightedAverage":67.91259}},"metadata":{"timer_format_version":"0.1.0","start_time_seconds":"1601999719","unity_version":"2019.3.5f1","command_line_arguments":"D:\\Program Files\\Unity\\2019.3.5f1\\Editor\\Unity.exe -projectpath D:\/GitHub\/DRL-highway -useHub -hubIPC -cloudEnvironment production -hubSessionId fb6306c0-07b8-11eb-a009-5de712ec97bd","communication_protocol_version":"1.0.0","com.unity.ml-agents_version":"1.2.0-preview","scene_name":"Highway_Night","end_time_seconds":"1602000020"}}