{"count":1,"gauges":{},"self":62.894649599999994,"total":63.0477965,"children":{"AgentSendState":{"count":3142,"self":0.0620576,"total":0.0870797,"children":{"CollectObservations":{"count":2016,"self":0.017015699999999998,"total":0.017015699999999998,"children":null},"CollectDiscreteActionMasks":{"count":2016,"self":0.0080064,"total":0.0080064,"children":null}}},"DecideAction":{"count":3142,"self":0.015014399999999999,"total":0.015014399999999999,"children":null},"AgentAct":{"count":3142,"self":0.0500484,"total":0.0500484,"children":null}}}