{"count":1,"gauges":{},"self":86.017875199999992,"total":86.3251518,"children":{"AgentSendState":{"count":4304,"self":0.12310869999999999,"total":0.1701471,"children":{"CollectObservations":{"count":3888,"self":0.0230198,"total":0.0230198,"children":null},"CollectDiscreteActionMasks":{"count":3888,"self":0.024018599999999998,"total":0.024018599999999998,"children":null}}},"DecideAction":{"count":4304,"self":0.025022799999999998,"total":0.025022799999999998,"children":null},"AgentAct":{"count":4304,"self":0.11210679999999999,"total":0.11210679999999999,"children":null}}}