{"count":1,"gauges":{},"self":5.1040456,"total":5.1340736,"children":{"AgentSendState":{"count":248,"self":0.0090081,"total":0.0150142,"children":{"CollectObservations":{"count":248,"self":0.0020017999999999998,"total":0.0020017999999999998,"children":null},"CollectDiscreteActionMasks":{"count":248,"self":0.0040043,"total":0.0040043,"children":null}}},"DecideAction":{"count":248,"self":0.0020017999999999998,"total":0.0020017999999999998,"children":null},"AgentAct":{"count":248,"self":0.0120101,"total":0.0120101,"children":null}}}