{"count":1,"gauges":{},"self":44.328464,"total":44.4926031,"children":{"AgentSendState":{"count":2216,"self":0.0600543,"total":0.085076,"children":{"CollectObservations":{"count":1838,"self":0.0110086,"total":0.0110086,"children":null},"CollectDiscreteActionMasks":{"count":1838,"self":0.014013099999999999,"total":0.014013099999999999,"children":null}}},"DecideAction":{"count":2216,"self":0.011008299999999999,"total":0.011008299999999999,"children":null},"AgentAct":{"count":2216,"self":0.0670557,"total":0.0670557,"children":null}}}