{"count":1,"gauges":{},"self":56.711462399999995,"total":57.792156899999995,"children":{"AgentSendState":{"count":2877,"self":0.057685999999999994,"total":0.095713899999999991,"children":{"CollectObservations":{"count":2318,"self":0.0190065,"total":0.0190065,"children":null},"CollectDiscreteActionMasks":{"count":2318,"self":0.0190214,"total":0.0190214,"children":null}}},"DecideAction":{"count":2877,"self":0.0150157,"total":0.0150157,"children":null},"AgentAct":{"count":2877,"self":0.96896169999999993,"total":0.96896169999999993,"children":null}}}