{"count":1,"gauges":{"HighwayAI.CumulativeReward":{"count":161,"max":79.6672745,"min":8.854027,"value":79.52162,"weightedAverage":79.56132}},"self":188.0162944,"total":632.8593533,"children":{"AgentSendState":{"count":128817,"self":5.10966,"total":83.069363299999992,"children":{"CollectObservations":{"count":128817,"self":71.9742912,"total":71.9742886,"children":null},"CollectDiscreteActionMasks":{"count":128817,"self":0.6836376,"total":0.6836376,"children":null},"AgentInfo.ToProto":{"count":128817,"self":1.5884288,"total":5.3017769,"children":{"GenerateSensorData":{"count":128817,"self":3.713348,"total":3.7133480999999997,"children":null}}}}},"DecideAction":{"count":128817,"self":360.26347519999996,"total":360.263474,"children":null},"AgentAct":{"count":128817,"self":1.5032158999999998,"total":1.5032158999999998,"children":null},"AgentInfo.ToProto":{"count":161,"self":0.0030026,"total":0.006005,"children":{"GenerateSensorData":{"count":161,"self":0.0030023999999999997,"total":0.0030023999999999997,"children":null}}}}}