{"count":1,"gauges":{"HighwayAI.CumulativeReward":{"count":20,"max":58.0338974,"min":9.094277,"value":27.8209476,"weightedAverage":36.25058}},"self":161.8514688,"total":205.40777129999998,"children":{"AgentSendState":{"count":96553,"self":2.2154604,"total":12.524192699999999,"children":{"CollectObservations":{"count":70337,"self":4.5274588,"total":4.5274589,"children":null},"CollectDiscreteActionMasks":{"count":70337,"self":5.7812736,"total":5.7812735,"children":null}}},"DecideAction":{"count":96553,"self":30.3664864,"total":30.3664864,"children":null},"AgentAct":{"count":96553,"self":0.6656217,"total":0.6656217,"children":null}}}