{"count":1,"gauges":{},"self":7.7924808,"total":7.8235107999999993,"children":{"AgentSendState":{"count":386,"self":0.0160159,"total":0.0210209,"children":{"CollectObservations":{"count":386,"self":0.0020012,"total":0.0020012,"children":null},"CollectDiscreteActionMasks":{"count":386,"self":0.0030038,"total":0.0030038,"children":null}}},"DecideAction":{"count":386,"self":0.0010004999999999999,"total":0.0010004999999999999,"children":null},"AgentAct":{"count":386,"self":0.008007499999999999,"total":0.008007499999999999,"children":null}}}