{"count":1,"self":195.0534912,"total":195.9816085,"children":{"InitializeSensors":{"count":1,"self":0.0010012999999999999,"total":0.0010012999999999999,"children":null},"AgentSendState":{"count":6316,"self":0.14013899999999999,"total":0.2482468,"children":{"CollectObservations":{"count":867,"self":0.0570552,"total":0.0570552,"children":null},"CollectDiscreteActionMasks":{"count":867,"self":0.021019799999999998,"total":0.021019799999999998,"children":null},"RequestDecision":{"count":867,"self":0.0300328,"total":0.0300328,"children":null}}},"DecideAction":{"count":6316,"self":0.6365852,"total":0.6365852,"children":null},"AgentAct":{"count":6316,"self":0.042286699999999997,"total":0.042286699999999997,"children":null}},"gauges":{"HighwayAI.CumulativeReward":{"count":1,"max":57.8267059,"min":57.8267059,"runningAverage":57.8267059,"value":57.8267059,"weightedAverage":57.8267059}},"metadata":{"timer_format_version":"0.1.0","start_time_seconds":"1602016537","unity_version":"2019.3.5f1","command_line_arguments":"D:\\Program Files\\Unity\\2019.3.5f1\\Editor\\Unity.exe -projectpath D:\/GitHub\/DRL-highway -useHub -hubIPC -cloudEnvironment production -hubSessionId 191bcc50-07fb-11eb-8093-433736b44a8f","communication_protocol_version":"1.0.0","com.unity.ml-agents_version":"1.2.0-preview","scene_name":"Highway_Mist","end_time_seconds":"1602016733"}}