{"count":1,"gauges":{"HighwayAI.CumulativeReward":{"count":510,"max":448.4039,"min":-5.038078,"value":115.5198,"weightedAverage":99.59466}},"self":1017.1327488,"total":4091.3127019,"children":{"AgentSendState":{"count":969001,"self":38.6010176,"total":593.3423351,"children":{"CollectObservations":{"count":969001,"self":506.4598016,"total":506.4597975,"children":null},"CollectDiscreteActionMasks":{"count":969001,"self":5.6678872,"total":5.6678871,"children":null},"AgentInfo.ToProto":{"count":969001,"self":12.6498352,"total":42.6136328,"children":{"GenerateSensorData":{"count":969001,"self":29.963798399999998,"total":29.963797399999997,"children":null}}}}},"DecideAction":{"count":969001,"self":2462.206976,"total":2462.2070159,"children":null},"AgentAct":{"count":969001,"self":18.6146176,"total":18.6146171,"children":null},"AgentInfo.ToProto":{"count":510,"self":0.0060038,"total":0.016013899999999998,"children":{"GenerateSensorData":{"count":510,"self":0.0100101,"total":0.0100101,"children":null}}}}}