{"count":1,"gauges":{},"self":13.802537599999999,"total":13.841587299999999,"children":{"AgentSendState":{"count":682,"self":0.012011299999999999,"total":0.017016,"children":{"CollectObservations":{"count":441,"self":0.0030028999999999998,"total":0.0030028999999999998,"children":null},"CollectDiscreteActionMasks":{"count":441,"self":0.0020017999999999998,"total":0.0020017999999999998,"children":null}}},"DecideAction":{"count":682,"self":0.0040034,"total":0.0040034,"children":null},"AgentAct":{"count":682,"self":0.0170301,"total":0.0170301,"children":null}}}